23/11/2008,13:27:53,17.80,degrees C,,cara,units,alvin,units,albert,units,alvin,units,albert,units,cara,units,bob,units
23/11/2008,13:27:53,,,18.56,degrees C,,,,,,,,,,,,,
23/11/2008,13:27:53,,,,,17.30,degrees C,,,,,,,,,,,
23/11/2008,13:27:54,17.80,degrees C,,,,,,,,,,,,,,,
23/11/2008,13:27:54,,,18.56,degrees C,,,,,,,,,,,,,
23/11/2008,13:27:54,,,,,17.30,degrees C,,,,,,,,,,,
23/11/2008,13:27:55,16.87,degrees C,,,,,,,,,,,,,,,
23/11/2008,13:27:55,,,18.56,degrees C,,,,,,,,,,,,,
23/11/2008,13:27:55,,,,,17.30,degrees C,,,,,,,,,,,
23/11/2008,13:27:56,17.80,degrees C,,,,,,,,,,,,,,,
23/11/2008,13:27:56,,,18.62,degrees C,,,,,,,,,,,,,
23/11/2008,13:27:56,,,,,17.30,degrees C,,,,,,,,,,,
23/11/2008,13:27:57,17.80,degrees C,,,,,,,,,,,,,,,
23/11/2008,13:27:57,,,18.56,degrees C,,,,,,,,,,,,,
23/11/2008,13:27:57,,,,,17.30,degrees C,,,,,,,,,,,
23/11/2008,13:27:58,17.80,degrees C,,,,,,,,,,,,,,,
23/11/2008,13:27:58,,,18.56,degrees C,,,,,,,,,,,,,
23/11/2008,13:27:58,,,,,18.24,degrees C,,,,,,,,,,,
23/11/2008,13:27:59,17.74,degrees C,,,,,,,,,,,,,,,
23/11/2008,13:27:59,,,18.56,degrees C,,,,,,,,,,,,,
23/11/2008,13:27:59,,,,,17.30,degrees C,,,,,,,,,,,
23/11/2008,13:28:0,16.81,degrees C,,,,,,,,,,,,,,,
23/11/2008,13:28:0,,,18.56,degrees C,,,,,,,,,,,,,
23/11/2008,13:28:0,,,,,17.30,degrees C,,,,,,,,,,,
23/11/2008,13:28:1,17.74,degrees C,,,,,,,,,,,,,,,
23/11/2008,13:28:1,,,19.47,degrees C,,,,,,,,,,,,,
23/11/2008,13:28:1,,,,,17.30,degrees C,,,,,,,,,,,
23/11/2008,13:28:2,16.81,degrees C,,,,,,,,,,,,,,,
23/11/2008,13:28:2,,,18.62,degrees C,,,,,,,,,,,,,
23/11/2008,13:28:2,,,,,17.30,degrees C,,,,,,,,,,,
23/11/2008,13:28:3,17.74,degrees C,,,,,,,,,,,,,,,
23/11/2008,13:28:3,,,18.62,degrees C,,,,,,,,,,,,,
23/11/2008,13:28:3,,,,,17.30,degrees C,,,,,,,,,,,
23/11/2008,13:28:4,17.74,degrees C,,,,,,,,,,,,,,,
23/11/2008,13:28:4,,,18.56,degrees C,,,,,,,,,,,,,
23/11/2008,13:28:4,,,,,17.30,degrees C,,,,,,,,,,,
23/11/2008,13:28:5,17.74,degrees C,,,,,,,,,,,,,,,
23/11/2008,13:28:5,,,18.56,degrees C,,,,,,,,,,,,,
23/11/2008,13:28:5,,,,,17.30,degrees C,,,,,,,,,,,
23/11/2008,13:28:6,17.74,degrees C,,,,,,,,,,,,,,,
23/11/2008,13:28:6,,,18.56,degrees C,,,,,,,,,,,,,
23/11/2008,13:28:6,,,,,17.30,degrees C,,,,,,,,,,,
23/11/2008,13:28:7,17.74,degrees C,,,,,,,,,,,,,,,
23/11/2008,13:28:7,,,19.53,degrees C,,,,,,,,,,,,,
23/11/2008,13:28:7,,,,,17.30,degrees C,,,,,,,,,,,
23/11/2008,13:28:8,16.81,degrees C,,,,,,,,,,,,,,,
23/11/2008,13:28:8,,,18.56,degrees C,,,,,,,,,,,,,
23/11/2008,13:28:8,,,,,17.30,degrees C,,,,,,,,,,,
23/11/2008,13:28:9,17.74,degrees C,,,,,,,,,,,,,,,
23/11/2008,13:28:9,,,18.56,degrees C,,,,,,,,,,,,,
23/11/2008,13:28:9,,,,,17.30,degrees C,,,,,,,,,,,
23/11/2008,13:28:10,17.74,degrees C,,,,,,,,,,,,,,,
23/11/2008,13:28:10,,,18.62,degrees C,,,,,,,,,,,,,
23/11/2008,13:28:10,,,,,17.30,degrees C,,,,,,,,,,,
23/11/2008,13:28:11,17.74,degrees C,,,,,,,,,,,,,,,
23/11/2008,13:28:11,,,18.62,degrees C,,,,,,,,,,,,,
23/11/2008,13:28:11,,,,,17.30,degrees C,,,,,,,,,,,
23/11/2008,13:28:12,16.81,degrees C,,,,,,,,,,,,,,,
23/11/2008,13:28:12,,,,,,,18.37,degrees C,,,,,,,,,
23/11/2008,13:28:12,,,18.62,degrees C,,,,,,,,,,,,,
23/11/2008,13:28:12,,,,,17.30,degrees C,,,,,,,,,,,
23/11/2008,13:28:13,,,,,,,18.37,degrees C,,,,,,,,,
23/11/2008,13:28:13,17.74,degrees C,,,,,,,,,,,,,,,
23/11/2008,13:28:13,,,18.62,degrees C,,,,,,,,,,,,,
23/11/2008,13:28:13,,,,,17.30,degrees C,,,,,,,,,,,
23/11/2008,13:28:14,,,,,,,18.37,degrees C,,,,,,,,,
23/11/2008,13:28:14,16.81,degrees C,,,,,,,,,,,,,,,
23/11/2008,13:28:14,,,19.47,degrees C,,,,,,,,,,,,,
23/11/2008,13:28:14,,,,,17.30,degrees C,,,,,,,,,,,
23/11/2008,13:28:15,,,,,,,18.37,degrees C,,,,,,,,,
23/11/2008,13:28:15,17.74,degrees C,,,,,,,,,,,,,,,
23/11/2008,13:28:15,,,18.62,degrees C,,,,,,,,,,,,,
23/11/2008,13:28:15,,,,,17.30,degrees C,,,,,,,,,,,
23/11/2008,13:28:16,,,,,,,18.30,degrees C,,,,,,,,,
23/11/2008,13:28:16,17.74,degrees C,,,,,,,,,,,,,,,
23/11/2008,13:28:16,,,18.62,degrees C,,,,,,,,,,,,,
23/11/2008,13:28:16,,,,,17.30,degrees C,,,,,,,,,,,
23/11/2008,13:28:17,,,,,,,18.30,degrees C,,,,,,,,,
23/11/2008,13:28:17,17.74,degrees C,,,,,,,,,,,,,,,
23/11/2008,13:28:17,,,19.53,degrees C,,,,,,,,,,,,,
23/11/2008,13:28:17,,,,,17.30,degrees C,,,,,,,,,,,
23/11/2008,13:28:18,,,,,,,18.30,degrees C,,,,,,,,,
23/11/2008,13:28:18,17.74,degrees C,,,,,,,,,,,,,,,
23/11/2008,13:28:18,,,,,17.30,degrees C,,,,,,,,,,,
23/11/2008,13:28:18,,,18.62,degrees C,,,,,,,,,,,,,
23/11/2008,13:28:19,,,,,,,18.30,degrees C,,,,,,,,,
23/11/2008,13:28:19,16.81,degrees C,,,,,,,,,,,,,,,
23/11/2008,13:28:19,,,,,17.30,degrees C,,,,,,,,,,,
23/11/2008,13:28:19,,,18.62,degrees C,,,,,,,,,,,,,
23/11/2008,13:28:20,,,,,,,18.30,degrees C,,,,,,,,,
23/11/2008,13:28:20,,,,,17.24,degrees C,,,,,,,,,,,
23/11/2008,13:28:21,,,18.62,degrees C,,,,,,,,,,,,,
23/11/2008,13:28:21,,,,,,,18.30,degrees C,,,,,,,,,
23/11/2008,13:28:21,17.74,degrees C,,,,,,,,,,,,,,,
23/11/2008,13:28:21,,,,,17.30,degrees C,,,,,,,,,,,
23/11/2008,13:28:22,,,18.62,degrees C,,,,,,,,,,,,,
23/11/2008,13:28:22,,,,,,,18.30,degrees C,,,,,,,,,
23/11/2008,13:28:22,17.74,degrees C,,,,,,,,,,,,,,,
23/11/2008,13:28:22,,,,,17.30,degrees C,,,,,,,,,,,
23/11/2008,13:28:23,,,18.62,degrees C,,,,,,,,,,,,,
23/11/2008,13:28:23,,,,,,,18.30,degrees C,,,,,,,,,
23/11/2008,13:28:23,16.81,degrees C,,,,,,,,,,,,,,,
23/11/2008,13:28:23,,,,,17.24,degrees C,,,,,,,,,,,
23/11/2008,13:28:24,,,18.62,degrees C,,,,,,,,,,,,,
23/11/2008,13:28:24,,,,,,,18.37,degrees C,,,,,,,,,
23/11/2008,13:28:24,17.74,degrees C,,,,,,,,,,,,,,,
23/11/2008,13:28:24,,,,,17.30,degrees C,,,,,,,,,,,
23/11/2008,13:28:25,,,18.62,degrees C,,,,,,,,,,,,,
23/11/2008,13:28:25,,,,,,,18.30,degrees C,,,,,,,,,
23/11/2008,13:28:25,17.74,degrees C,,,,,,,,,,,,,,,
23/11/2008,13:28:25,,,,,17.30,degrees C,,,,,,,,,,,
23/11/2008,13:28:26,,,18.62,degrees C,,,,,,,,,,,,,
23/11/2008,13:28:26,,,,,,,18.30,degrees C,,,,,,,,,
23/11/2008,13:28:26,16.81,degrees C,,,,,,,,,,,,,,,
23/11/2008,13:28:26,,,,,17.30,degrees C,,,,,,,,,,,
23/11/2008,13:28:27,,,18.62,degrees C,,,,,,,,,,,,,
23/11/2008,13:28:27,,,,,,,18.30,degrees C,,,,,,,,,
23/11/2008,13:28:27,16.81,degrees C,,,,,,,,,,,,,,,
23/11/2008,13:28:27,,,,,17.24,degrees C,,,,,,,,,,,
23/11/2008,13:28:28,,,18.62,degrees C,,,,,,,,,,,,,
23/11/2008,13:28:28,,,,,,,18.30,degrees C,,,,,,,,,
23/11/2008,13:28:28,16.81,degrees C,,,,,,,,,,,,,,,
23/11/2008,13:28:28,,,,,18.18,degrees C,,,,,,,,,,,
23/11/2008,13:28:29,,,18.56,degrees C,,,,,,,,,,,,,
23/11/2008,13:28:29,,,,,,,18.37,degrees C,,,,,,,,,
23/11/2008,13:28:29,16.81,degrees C,,,,,,,,,,,,,,,
23/11/2008,13:28:29,,,,,17.24,degrees C,,,,,,,,,,,
23/11/2008,13:28:30,,,18.62,degrees C,,,,,,,,,,,,,
23/11/2008,13:28:30,,,,,,,18.37,degrees C,,,,,,,,,
23/11/2008,13:28:30,17.74,degrees C,,,,,,,,,,,,,,,
23/11/2008,13:28:30,,,,,17.30,degrees C,,,,,,,,,,,
23/11/2008,13:28:31,,,18.56,degrees C,,,,,,,,,,,,,
23/11/2008,13:28:31,,,,,,,18.95,degrees C,,,,,,,,,
23/11/2008,13:28:31,,,,,18.49,degrees C,,,,,,,,,,,
23/11/2008,13:28:31,16.81,degrees C,,,,,,,,,,,,,,,
23/11/2008,13:28:32,,,18.62,degrees C,,,,,,,,,,,,,
23/11/2008,13:28:32,,,,,,,19.8,degrees C,,,,,,,,,
23/11/2008,13:28:32,,,,,18.75,degrees C,,,,,,,,,,,
23/11/2008,13:28:32,18.64,degrees C,,,,,,,,,,,,,,,
23/11/2008,13:28:33,,,18.62,degrees C,,,,,,,,,,,,,
23/11/2008,13:28:33,,,,,,,20.20,degrees C,,,,,,,,,
23/11/2008,13:28:33,,,,,19.8,degrees C,,,,,,,,,,,
23/11/2008,13:28:33,16.81,degrees C,,,,,,,,,,,,,,,
23/11/2008,13:28:34,,,18.62,degrees C,,,,,,,,,,,,,
23/11/2008,13:28:34,,,,,,,20.33,degrees C,,,,,,,,,
23/11/2008,13:28:34,,,,,19.28,degrees C,,,,,,,,,,,
23/11/2008,13:28:35,17.74,degrees C,,,,,,,,,,,,,,,
23/11/2008,13:28:35,,,19.53,degrees C,,,,,,,,,,,,,
23/11/2008,13:28:35,,,,,,,20.33,degrees C,,,,,,,,,
23/11/2008,13:28:35,,,,,19.41,degrees C,,,,,,,,,,,
23/11/2008,13:28:36,17.74,degrees C,,,,,,,,,,,,,,,
23/11/2008,13:28:36,,,18.62,degrees C,,,,,,,,,,,,,
23/11/2008,13:28:36,,,,,,,20.33,degrees C,,,,,,,,,
23/11/2008,13:28:36,,,,,19.55,degrees C,,,,,,,,,,,
23/11/2008,13:28:37,17.74,degrees C,,,,,,,,,,,,,,,
23/11/2008,13:28:37,,,18.62,degrees C,,,,,,,,,,,,,
23/11/2008,13:28:37,,,,,,,20.26,degrees C,,,,,,,,,
23/11/2008,13:28:37,,,,,19.61,degrees C,,,,,,,,,,,
23/11/2008,13:28:38,17.74,degrees C,,,,,,,,,,,,,,,
23/11/2008,13:28:38,,,18.62,degrees C,,,,,,,,,,,,,
23/11/2008,13:28:38,,,,,,,20.26,degrees C,,,,,,,,,
23/11/2008,13:28:38,,,,,19.75,degrees C,,,,,,,,,,,
23/11/2008,13:28:39,17.74,degrees C,,,,,,,,,,,,,,,
23/11/2008,13:28:39,,,18.69,degrees C,,,,,,,,,,,,,
23/11/2008,13:28:39,,,,,19.75,degrees C,,,,,,,,,,,
23/11/2008,13:28:39,,,,,,,20.33,degrees C,,,,,,,,,
23/11/2008,13:28:40,16.81,degrees C,,,,,,,,,,,,,,,
23/11/2008,13:28:40,,,18.69,degrees C,,,,,,,,,,,,,
23/11/2008,13:28:40,,,,,19.48,degrees C,,,,,,,,,,,
23/11/2008,13:28:40,,,,,,,20.13,degrees C,,,,,,,,,
23/11/2008,13:28:41,17.74,degrees C,,,,,,,,,,,,,,,
23/11/2008,13:28:41,,,19.60,degrees C,,,,,,,,,,,,,
23/11/2008,13:28:41,,,,,19.21,degrees C,,,,,,,,,,,
23/11/2008,13:28:41,,,,,,,20.6,degrees C,,,,,,,,,
23/11/2008,13:28:42,18.18,degrees C,,,,,,,,,,,,,,,
23/11/2008,13:28:42,,,18.82,degrees C,,,,,,,,,,,,,
23/11/2008,13:28:42,,,,,19.8,degrees C,,,,,,,,,,,
23/11/2008,13:28:42,,,,,,,18.95,degrees C,,,,,,,,,
23/11/2008,13:28:43,18.56,degrees C,,,,,,,,,,,,,,,
23/11/2008,13:28:43,,,18.82,degrees C,,,,,,,,,,,,,
23/11/2008,13:28:43,,,,,19.1,degrees C,,,,,,,,,,,
23/11/2008,13:28:44,,,,,,,19.93,degrees C,,,,,,,,,
23/11/2008,13:28:44,18.82,degrees C,,,,,,,,,,,,,,,
23/11/2008,13:28:44,,,19.73,degrees C,,,,,,,,,,,,,
23/11/2008,13:28:44,,,,,18.95,degrees C,,,,,,,,,,,
23/11/2008,13:28:45,,,,,,,18.88,degrees C,,,,,,,,,
23/11/2008,13:28:45,19.1,degrees C,,,,,,,,,,,,,,,
23/11/2008,13:28:45,,,18.82,degrees C,,,,,,,,,,,,,
23/11/2008,13:28:45,,,,,18.88,degrees C,,,,,,,,,,,
23/11/2008,13:28:46,,,,,,,18.95,degrees C,,,,,,,,,
23/11/2008,13:28:46,20.6,degrees C,,,,,,,,,,,,,,,
23/11/2008,13:28:46,,,19.80,degrees C,,,,,,,,,,,,,
23/11/2008,13:28:46,,,,,18.88,degrees C,,,,,,,,,,,
23/11/2008,13:28:47,,,,,,,18.82,degrees C,,,,,,,,,
23/11/2008,13:28:47,20.20,degrees C,,,,,,,,,,,,,,,
23/11/2008,13:28:47,,,18.88,degrees C,,,,,,,,,,,,,
23/11/2008,13:28:47,,,,,18.82,degrees C,,,,,,,,,,,
23/11/2008,13:28:48,,,,,,,18.82,degrees C,,,,,,,,,
23/11/2008,13:28:48,19.8,degrees C,,,,,,,,,,,,,,,
23/11/2008,13:28:48,,,18.95,degrees C,,,,,,,,,,,,,
23/11/2008,13:28:48,,,,,18.82,degrees C,,,,,,,,,,,
23/11/2008,13:28:49,,,,,,,18.82,degrees C,,,,,,,,,
23/11/2008,13:28:49,18.88,degrees C,,,,,,,,,,,,,,,
23/11/2008,13:28:49,,,19.86,degrees C,,,,,,,,,,,,,
23/11/2008,13:28:49,,,,,18.82,degrees C,,,,,,,,,,,
23/11/2008,13:28:50,,,,,,,18.82,degrees C,,,,,,,,,
23/11/2008,13:28:50,18.82,degrees C,,,,,,,,,,,,,,,
23/11/2008,13:28:50,,,19.86,degrees C,,,,,,,,,,,,,
23/11/2008,13:28:50,,,,,18.82,degrees C,,,,,,,,,,,
23/11/2008,13:28:51,,,,,,,19.73,degrees C,,,,,,,,,
23/11/2008,13:28:51,18.75,degrees C,,,,,,,,,,,,,,,
23/11/2008,13:28:51,,,19.86,degrees C,,,,,,,,,,,,,
23/11/2008,13:28:51,,,,,18.75,degrees C,,,,,,,,,,,
23/11/2008,13:28:52,,,,,,,18.82,degrees C,,,,,,,,,
23/11/2008,13:28:52,18.75,degrees C,,,,,,,,,,,,,,,
23/11/2008,13:28:52,,,19.93,degrees C,,,,,,,,,,,,,
23/11/2008,13:28:52,,,,,18.75,degrees C,,,,,,,,,,,
23/11/2008,13:28:53,,,,,,,18.82,degrees C,,,,,,,,,
23/11/2008,13:28:53,18.69,degrees C,,,,,,,,,,,,,,,
23/11/2008,13:28:53,,,19.93,degrees C,,,,,,,,,,,,,
23/11/2008,13:28:53,,,,,18.75,degrees C,,,,,,,,,,,
23/11/2008,13:28:54,,,,,,,18.88,degrees C,,,,,,,,,
23/11/2008,13:28:54,18.69,degrees C,,,,,,,,,,,,,,,
23/11/2008,13:28:54,,,,,18.75,degrees C,,,,,,,,,,,
23/11/2008,13:28:54,,,19.93,degrees C,,,,,,,,,,,,,
23/11/2008,13:28:55,,,,,,,19.73,degrees C,,,,,,,,,
23/11/2008,14:9:10,17.12,degrees C,,,,,,,
23/11/2008,14:9:11,17.12,degrees C,,,,,,,
23/11/2008,14:9:12,17.12,degrees C,,,,,,,
23/11/2008,14:9:13,17.12,degrees C,,,,,,,
23/11/2008,14:9:14,17.12,degrees C,,,,,,,
23/11/2008,14:9:15,17.12,degrees C,,,,,,,
23/11/2008,14:9:16,17.12,degrees C,,,,,,,
23/11/2008,14:9:17,17.12,degrees C,,,,,,,
23/11/2008,14:9:18,17.12,degrees C,,,,,,,
23/11/2008,14:9:19,17.12,degrees C,,,,,,,
23/11/2008,14:9:20,17.12,degrees C,,,,,,,
23/11/2008,14:9:21,,,18.11,degrees C,,,,,
23/11/2008,14:9:21,,,,,17.56,degrees C,,,
23/11/2008,14:9:21,17.12,degrees C,,,,,,,
23/11/2008,14:9:22,17.12,degrees C,,,,,,,
23/11/2008,14:9:23,,,18.11,degrees C,,,,,
23/11/2008,14:9:23,,,,,16.63,degrees C,,,
23/11/2008,14:9:23,17.12,degrees C,,,,,,,
23/11/2008,14:9:24,,,18.11,degrees C,,,,,
23/11/2008,14:9:24,,,,,,,16.45,degrees C,
23/11/2008,14:9:24,17.12,degrees C,,,,,,,
23/11/2008,14:9:25,,,18.11,degrees C,,,,,
23/11/2008,14:9:25,,,,,,,16.51,degrees C,
23/11/2008,14:9:25,18.5,degrees C,,,,,,,
23/11/2008,14:9:26,,,18.11,degrees C,,,,,
23/11/2008,14:9:26,,,,,,,16.57,degrees C,
23/11/2008,14:9:26,17.12,degrees C,,,,,,,
23/11/2008,14:9:27,,,18.11,degrees C,,,,,
23/11/2008,14:9:27,,,,,,,16.63,degrees C,
23/11/2008,14:9:27,17.12,degrees C,,,,,,,
23/11/2008,14:9:28,,,18.11,degrees C,,,,,
23/11/2008,14:9:28,,,,,,,16.63,degrees C,
23/11/2008,14:9:28,17.12,degrees C,,,,,,,
23/11/2008,14:9:29,,,18.18,degrees C,,,,,
23/11/2008,14:9:29,,,,,17.56,degrees C,,,
23/11/2008,14:9:29,17.12,degrees C,,,,,,,
23/11/2008,14:9:30,,,18.5,degrees C,,,,,
23/11/2008,14:9:30,,,,,,,16.51,degrees C,
23/11/2008,14:9:30,17.12,degrees C,,,,,,,
23/11/2008,14:9:31,,,18.11,degrees C,,,,,
23/11/2008,14:9:31,,,,,,,17.50,degrees C,
23/11/2008,14:9:31,17.12,degrees C,,,,,,,
23/11/2008,14:9:31,,,,,17.56,degrees C,,,
23/11/2008,14:9:32,,,18.11,degrees C,,,,,
23/11/2008,14:9:32,,,,,,,17.44,degrees C,
23/11/2008,14:9:32,17.12,degrees C,,,,,,,
23/11/2008,14:9:32,,,,,17.56,degrees C,,,
23/11/2008,14:9:33,,,18.11,degrees C,,,,,
23/11/2008,14:9:33,,,,,,,17.44,degrees C,
23/11/2008,14:9:33,17.12,degrees C,,,,,,,
23/11/2008,14:9:33,,,,,17.56,degrees C,,,
23/11/2008,14:9:34,,,18.11,degrees C,,,,,
23/11/2008,14:9:34,,,,,,,17.44,degrees C,
23/11/2008,14:9:34,17.12,degrees C,,,,,,,
23/11/2008,14:9:34,,,,,17.56,degrees C,,,
23/11/2008,14:9:35,,,18.5,degrees C,,,,,
23/11/2008,14:9:35,,,,,,,17.50,degrees C,
23/11/2008,14:9:35,17.12,degrees C,,,,,,,
23/11/2008,14:9:35,,,,,17.56,degrees C,,,
23/11/2008,14:9:36,,,18.11,degrees C,,,,,
23/11/2008,14:9:36,,,,,,,17.50,degrees C,
23/11/2008,14:9:36,17.12,degrees C,,,,,,,
23/11/2008,14:9:36,,,,,17.56,degrees C,,,
23/11/2008,14:9:37,,,18.11,degrees C,,,,,
23/11/2008,14:9:37,,,,,,,16.57,degrees C,
23/11/2008,14:9:37,18.5,degrees C,,,,,,,
23/11/2008,14:9:37,,,,,17.56,degrees C,,,
23/11/2008,14:9:38,,,18.11,degrees C,,,,,
23/11/2008,14:9:38,,,,,,,16.51,degrees C,
23/11/2008,14:9:38,17.12,degrees C,,,,,,,
23/11/2008,14:9:38,,,,,17.56,degrees C,,,
23/11/2008,14:9:39,,,18.11,degrees C,,,,,
23/11/2008,14:9:39,,,,,,,17.50,degrees C,
23/11/2008,14:9:39,17.12,degrees C,,,,,,,
23/11/2008,14:9:39,,,,,17.56,degrees C,,,
23/11/2008,14:9:40,,,18.11,degrees C,,,,,
23/11/2008,14:9:40,,,,,,,17.56,degrees C,
23/11/2008,14:9:40,17.12,degrees C,,,,,,,
23/11/2008,14:9:40,,,,,17.56,degrees C,,,
23/11/2008,14:9:41,,,18.5,degrees C,,,,,
23/11/2008,14:9:41,,,,,,,17.50,degrees C,
23/11/2008,14:9:41,17.12,degrees C,,,,,,,
23/11/2008,14:9:41,,,,,17.56,degrees C,,,
23/11/2008,14:9:42,,,18.11,degrees C,,,,,
23/11/2008,14:9:42,,,,,,,17.50,degrees C,
23/11/2008,14:9:42,17.12,degrees C,,,,,,,
23/11/2008,14:9:42,,,,,17.56,degrees C,,,
23/11/2008,14:9:43,,,18.11,degrees C,,,,,
23/11/2008,14:9:43,,,,,,,16.57,degrees C,
23/11/2008,14:9:43,17.12,degrees C,,,,,,,
23/11/2008,14:9:43,,,,,17.56,degrees C,,,
23/11/2008,14:9:44,,,18.11,degrees C,,,,,
23/11/2008,14:9:44,17.12,degrees C,,,,,,,
23/11/2008,14:9:44,,,,,,,17.50,degrees C,
23/11/2008,14:9:45,,,18.11,degrees C,,,,,
23/11/2008,14:9:45,17.12,degrees C,,,,,,,
23/11/2008,14:9:45,,,,,,,17.44,degrees C,
23/11/2008,14:9:46,,,18.11,degrees C,,,,,
23/11/2008,14:9:46,17.12,degrees C,,,,,,,
23/11/2008,14:9:46,,,,,,,17.50,degrees C,
23/11/2008,14:9:47,,,18.11,degrees C,,,,,
23/11/2008,14:9:47,17.12,degrees C,,,,,,,
23/11/2008,14:9:47,,,,,,,17.50,degrees C,
23/11/2008,14:9:48,,,18.11,degrees C,,,,,
23/11/2008,14:9:48,17.12,degrees C,,,,,,,
23/11/2008,14:9:48,,,,,,,16.63,degrees C,
23/11/2008,14:9:49,,,18.18,degrees C,,,,,
23/11/2008,14:9:49,17.12,degrees C,,,,,,,
23/11/2008,14:9:49,,,,,,,16.69,degrees C,
23/11/2008,14:9:50,,,18.18,degrees C,,,,,
23/11/2008,14:9:50,17.12,degrees C,,,,,,,
23/11/2008,14:9:50,,,,,,,16.57,degrees C,
23/11/2008,14:9:51,,,18.11,degrees C,,,,,
23/11/2008,14:9:51,17.12,degrees C,,,,,,,
23/11/2008,14:9:51,,,,,,,17.56,degrees C,
23/11/2008,14:9:52,17.12,degrees C,,,,,,,
23/11/2008,14:9:52,,,18.11,degrees C,,,,,
23/11/2008,14:9:52,,,,,,,16.63,degrees C,
23/11/2008,14:9:53,17.12,degrees C,,,,,,,
23/11/2008,14:9:53,,,18.11,degrees C,,,,,
23/11/2008,14:9:53,,,,,,,16.63,degrees C,
23/11/2008,14:9:54,17.12,degrees C,,,,,,,
23/11/2008,14:9:54,,,18.11,degrees C,,,,,
23/11/2008,14:9:54,,,,,,,16.63,degrees C,
23/11/2008,14:9:55,17.12,degrees C,,,,,,,
23/11/2008,14:9:55,,,,,,,17.56,degrees C,
23/11/2008,14:9:56,17.12,degrees C,,,,,,,
23/11/2008,14:9:56,,,18.11,degrees C,,,,,
23/11/2008,14:9:56,,,,,,,17.56,degrees C,
23/11/2008,14:9:57,17.12,degrees C,,,,,,,
23/11/2008,14:9:57,,,18.11,degrees C,,,,,
23/11/2008,14:9:57,,,,,,,16.69,degrees C,
23/11/2008,14:9:58,17.12,degrees C,,,,,,,
23/11/2008,14:9:58,,,18.11,degrees C,,,,,
23/11/2008,14:9:58,,,,,,,17.56,degrees C,
23/11/2008,14:9:59,17.12,degrees C,,,,,,,
23/11/2008,14:9:59,,,18.11,degrees C,,,,,
23/11/2008,14:9:59,,,,,,,16.63,degrees C,
23/11/2008,14:10:0,17.12,degrees C,,,,,,,
23/11/2008,14:10:0,,,18.11,degrees C,,,,,
23/11/2008,14:10:0,,,,,,,17.56,degrees C,
23/11/2008,14:10:1,17.12,degrees C,,,,,,,
23/11/2008,14:10:1,,,18.11,degrees C,,,,,
23/11/2008,14:10:1,,,,,,,16.63,degrees C,
23/11/2008,14:10:2,17.12,degrees C,,,,,,,
23/11/2008,14:10:2,,,18.11,degrees C,,,,,
23/11/2008,14:10:2,,,,,,,17.62,degrees C,
23/11/2008,14:10:3,17.12,degrees C,,,,,,,
23/11/2008,14:10:3,,,18.11,degrees C,,,,,
23/11/2008,14:10:3,,,,,,,16.63,degrees C,
23/11/2008,14:10:4,17.12,degrees C,,,,,,,
23/11/2008,14:10:4,,,18.11,degrees C,,,,,
23/11/2008,14:10:4,,,,,,,17.62,degrees C,
23/11/2008,14:10:5,17.12,degrees C,,,,,,,
23/11/2008,14:10:5,,,18.11,degrees C,,,,,
23/11/2008,14:10:5,,,,,,,17.62,degrees C,
23/11/2008,14:10:6,17.12,degrees C,,,,,,,
23/11/2008,14:10:6,,,18.11,degrees C,,,,,
23/11/2008,14:10:6,,,,,,,17.80,degrees C,
23/11/2008,14:10:7,17.12,degrees C,,,,,,,
23/11/2008,14:10:7,,,18.11,degrees C,,,,,
23/11/2008,14:10:8,,,,,,,18.30,degrees C,
23/11/2008,14:10:8,17.12,degrees C,,,,,,,
23/11/2008,14:10:8,,,,,17.62,degrees C,,,
23/11/2008,14:10:8,,,18.11,degrees C,,,,,
23/11/2008,14:10:9,,,,,,,19.99,degrees C,
23/11/2008,14:10:9,17.12,degrees C,,,,,,,
23/11/2008,14:10:9,,,,,17.62,degrees C,,,
23/11/2008,14:10:9,,,18.18,degrees C,,,,,
23/11/2008,14:10:10,,,,,,,20.40,degrees C,
23/11/2008,14:10:10,17.12,degrees C,,,,,,,
23/11/2008,14:10:10,,,,,17.62,degrees C,,,
23/11/2008,14:10:10,,,18.18,degrees C,,,,,
23/11/2008,14:10:11,,,,,,,20.60,degrees C,
23/11/2008,14:10:11,17.12,degrees C,,,,,,,
23/11/2008,14:10:11,,,,,17.62,degrees C,,,
23/11/2008,14:10:11,,,18.24,degrees C,,,,,
23/11/2008,14:10:12,,,,,,,20.74,degrees C,
23/11/2008,14:10:12,17.12,degrees C,,,,,,,
23/11/2008,14:10:12,,,,,17.62,degrees C,,,
23/11/2008,14:10:12,,,18.24,degrees C,,,,,
23/11/2008,14:10:13,,,,,,,21.16,degrees C,
23/11/2008,14:10:13,17.12,degrees C,,,,,,,
23/11/2008,14:10:13,,,,,17.62,degrees C,,,
23/11/2008,14:10:13,,,18.18,degrees C,,,,,
23/11/2008,14:10:14,,,,,,,22.35,degrees C,
23/11/2008,14:10:14,17.12,degrees C,,,,,,,
23/11/2008,14:10:14,,,,,17.62,degrees C,,,
23/11/2008,14:10:14,,,18.18,degrees C,,,,,
23/11/2008,14:10:15,,,,,,,22.35,degrees C,
23/11/2008,14:10:15,17.12,degrees C,,,,,,,
23/11/2008,14:10:15,,,,,17.68,degrees C,,,
23/11/2008,14:10:15,,,18.18,degrees C,,,,,
23/11/2008,14:10:16,,,,,,,20.95,degrees C,
23/11/2008,14:10:16,17.12,degrees C,,,,,,,
23/11/2008,14:10:16,,,,,17.62,degrees C,,,
23/11/2008,14:10:16,,,18.18,degrees C,,,,,
23/11/2008,14:10:17,,,,,,,20.47,degrees C,
23/11/2008,14:10:17,17.12,degrees C,,,,,,,
23/11/2008,14:10:17,,,,,17.62,degrees C,,,
23/11/2008,14:10:17,,,18.18,degrees C,,,,,
23/11/2008,14:10:18,,,,,,,20.26,degrees C,
23/11/2008,14:10:18,17.12,degrees C,,,,,,,
23/11/2008,14:10:18,,,,,17.68,degrees C,,,
23/11/2008,14:10:18,,,18.18,degrees C,,,,,
23/11/2008,14:10:19,,,,,,,20.6,degrees C,
23/11/2008,14:10:19,17.12,degrees C,,,,,,,
23/11/2008,14:10:19,,,,,17.68,degrees C,,,
23/11/2008,14:10:19,,,18.18,degrees C,,,,,
23/11/2008,14:10:20,,,,,,,19.1,degrees C,
23/11/2008,14:10:20,17.12,degrees C,,,,,,,
23/11/2008,14:10:20,,,,,17.68,degrees C,,,
23/11/2008,14:10:21,,,,,,,18.88,degrees C,
23/11/2008,14:10:21,17.12,degrees C,,,,,,,
23/11/2008,14:10:21,,,,,17.68,degrees C,,,
23/11/2008,14:10:22,,,,,,,18.88,degrees C,
23/11/2008,14:10:22,17.12,degrees C,,,,,,,
23/11/2008,14:10:22,,,,,17.62,degrees C,,,
23/11/2008,14:10:23,,,,,,,18.82,degrees C,
23/11/2008,14:10:23,,,18.18,degrees C,,,,,
23/11/2008,14:10:23,17.12,degrees C,,,,,,,
23/11/2008,14:10:23,,,,,17.68,degrees C,,,
23/11/2008,14:10:24,,,18.18,degrees C,,,,,
23/11/2008,14:10:24,,,,,,,18.69,degrees C,
23/11/2008,14:10:24,17.12,degrees C,,,,,,,
23/11/2008,14:10:24,,,,,17.68,degrees C,,,
23/11/2008,14:10:25,,,18.18,degrees C,,,,,
23/11/2008,14:10:25,,,,,,,18.69,degrees C,
23/11/2008,14:10:25,17.12,degrees C,,,,,,,
23/11/2008,14:10:26,,,,,17.68,degrees C,,,
23/11/2008,14:10:26,,,18.18,degrees C,,,,,
23/11/2008,14:10:26,,,,,,,18.62,degrees C,
23/11/2008,14:10:26,17.12,degrees C,,,,,,,
23/11/2008,14:10:27,,,,,17.68,degrees C,,,
23/11/2008,14:10:27,,,18.18,degrees C,,,,,
23/11/2008,14:10:27,,,,,,,18.62,degrees C,
23/11/2008,14:10:27,17.12,degrees C,,,,,,,
23/11/2008,14:10:28,,,,,17.68,degrees C,,,
23/11/2008,14:10:28,,,18.18,degrees C,,,,,
23/11/2008,14:10:28,17.12,degrees C,,,,,,,
23/11/2008,14:10:29,,,,,17.62,degrees C,,,
23/11/2008,14:10:29,,,18.18,degrees C,,,,,
23/11/2008,14:10:29,17.12,degrees C,,,,,,,
23/11/2008,14:10:30,,,,,17.68,degrees C,,,
23/11/2008,14:10:30,,,18.18,degrees C,,,,,
23/11/2008,14:10:30,17.12,degrees C,,,,,,,
23/11/2008,14:10:31,,,18.18,degrees C,,,,,
23/11/2008,14:10:31,17.12,degrees C,,,,,,,
23/11/2008,14:10:32,,,18.24,degrees C,,,,,
23/11/2008,14:10:32,17.18,degrees C,,,,,,,
23/11/2008,14:10:33,,,18.11,degrees C,,,,,
23/11/2008,14:10:34,,,18.5,degrees C,,,,,
23/11/2008,14:10:35,,,18.11,degrees C,,,,,
23/11/2008,14:10:36,,,18.5,degrees C,,,,,
23/11/2008,14:10:37,,,18.11,degrees C,,,,,
23/11/2008,14:10:38,,,18.11,degrees C,,,,,
23/11/2008,14:10:39,,,18.11,degrees C,,,,,
23/11/2008,14:10:40,,,18.11,degrees C,,,,,
23/11/2008,14:10:41,,,18.18,degrees C,,,,,
23/11/2008,14:10:42,,,18.18,degrees C,,,,,
23/11/2008,14:10:43,,,18.18,degrees C,,,,,
23/11/2008,14:10:44,,,18.18,degrees C,,,,,
23/11/2008,14:10:45,,,18.11,degrees C,,,,,
23/11/2008,14:10:46,,,18.11,degrees C,,,,,
23/11/2008,14:10:47,,,18.11,degrees C,,,,,
23/11/2008,14:10:48,,,18.11,degrees C,,,,,
23/11/2008,14:10:49,,,18.11,degrees C,,,,,
23/11/2008,14:10:50,,,18.11,degrees C,,,,,
23/11/2008,14:10:51,,,18.11,degrees C,,,,,
23/11/2008,14:10:52,,,18.11,degrees C,,,,,
23/11/2008,14:10:53,,,18.11,degrees C,,,,,
23/11/2008,14:10:54,,,18.11,degrees C,,,,,
23/11/2008,14:10:55,,,18.11,degrees C,,,,,
23/11/2008,14:10:56,,,18.11,degrees C,,,,,
23/11/2008,14:10:57,,,18.11,degrees C,,,,,
23/11/2008,14:10:58,,,18.11,degrees C,,,,,
23/11/2008,14:10:59,,,18.11,degrees C,,,,,
23/11/2008,14:11:0,,,18.11,degrees C,,,,,
23/11/2008,14:11:1,,,18.11,degrees C,,,,,
23/11/2008,14:11:2,,,18.11,degrees C,,,,,
23/11/2008,14:11:3,,,18.18,degrees C,,,,,
23/11/2008,14:11:4,,,18.18,degrees C,,,,,
23/11/2008,14:11:5,,,18.11,degrees C,,,,,
23/11/2008,14:11:8,,,18.11,degrees C,,,,,
23/11/2008,14:11:9,,,18.11,degrees C,,,,,
23/11/2008,14:11:10,,,18.11,degrees C,,,,,
23/11/2008,14:11:11,,,18.11,degrees C,,,,,
23/11/2008,14:11:12,,,18.11,degrees C,,,,,
23/11/2008,14:11:13,,,18.11,degrees C,,,,,
23/11/2008,14:11:14,,,18.11,degrees C,,,,,
23/11/2008,14:11:15,,,18.11,degrees C,,,,,
23/11/2008,14:11:16,,,18.11,degrees C,,,,,
23/11/2008,14:11:17,,,18.11,degrees C,,,,,
23/11/2008,14:11:18,,,18.11,degrees C,,,,,
23/11/2008,14:11:19,,,18.11,degrees C,,,,,
23/11/2008,14:11:20,,,18.11,degrees C,,,,,
23/11/2008,14:11:21,,,18.11,degrees C,,,,,
23/11/2008,14:11:22,,,18.11,degrees C,,,,,
23/11/2008,14:11:23,,,18.11,degrees C,,,,,
23/11/2008,14:11:24,,,18.5,degrees C,,,,,
23/11/2008,14:11:25,,,18.5,degrees C,,,,,
23/11/2008,14:11:26,,,18.5,degrees C,,,,,
23/11/2008,14:11:27,,,18.5,degrees C,,,,,
23/11/2008,14:11:28,,,18.5,degrees C,,,,,
23/11/2008,14:11:29,,,18.5,degrees C,,,,,
23/11/2008,14:11:30,,,18.5,degrees C,,,,,
23/11/2008,14:11:31,,,18.5,degrees C,,,,,
23/11/2008,14:11:32,,,18.5,degrees C,,,,,
23/11/2008,14:11:33,,,18.5,degrees C,,,,,
23/11/2008,14:11:34,,,18.5,degrees C,,,,,
23/11/2008,14:11:35,,,18.5,degrees C,,,,,
23/11/2008,14:11:36,,,18.5,degrees C,,,,,
23/11/2008,14:11:38,,,18.5,degrees C,,,,,
23/11/2008,14:11:39,,,18.5,degrees C,,,,,
23/11/2008,14:11:40,,,18.5,degrees C,,,,,
23/11/2008,14:11:41,,,18.5,degrees C,,,,,
23/11/2008,14:11:42,,,18.5,degrees C,,,,,
23/11/2008,14:11:43,,,18.5,degrees C,,,,,
23/11/2008,14:11:44,,,18.5,degrees C,,,,,
23/11/2008,14:11:45,,,18.5,degrees C,,,,,
23/11/2008,14:11:46,,,18.5,degrees C,,,,,
23/11/2008,14:11:47,,,18.5,degrees C,,,,,
23/11/2008,14:11:48,,,18.5,degrees C,,,,,
23/11/2008,14:11:49,,,17.99,degrees C,,,,,
23/11/2008,14:11:50,,,18.5,degrees C,,,,,
23/11/2008,14:11:51,,,17.99,degrees C,,,,,
23/11/2008,14:11:52,,,17.99,degrees C,,,,,
23/11/2008,14:11:53,,,17.99,degrees C,,,,,
23/11/2008,14:11:54,,,17.99,degrees C,,,,,
23/11/2008,14:11:55,,,18.5,degrees C,,,,,
23/11/2008,14:11:56,,,17.99,degrees C,,,,,
23/11/2008,14:11:57,,,18.5,degrees C,,,,,
23/11/2008,14:11:58,,,17.99,degrees C,,,,,
23/11/2008,14:12:0,,,17.99,degrees C,,,,,
23/11/2008,14:12:1,,,17.99,degrees C,,,,,
23/11/2008,14:12:2,,,17.99,degrees C,,,,,
23/11/2008,14:12:3,,,17.99,degrees C,,,,,
23/11/2008,14:12:4,,,17.99,degrees C,,,,,
23/11/2008,14:12:5,,,17.99,degrees C,,,,,
23/11/2008,14:12:6,,,17.99,degrees C,,,,,
23/11/2008,14:12:7,,,17.99,degrees C,,,,,
23/11/2008,14:12:8,,,17.99,degrees C,,,,,
23/11/2008,14:12:9,,,17.99,degrees C,,,,,
23/11/2008,14:12:10,,,17.99,degrees C,,,,,
23/11/2008,14:12:11,,,17.99,degrees C,,,,,
23/11/2008,14:12:13,,,17.99,degrees C,,,,,
23/11/2008,14:12:14,,,17.99,degrees C,,,,,
23/11/2008,14:12:15,,,17.99,degrees C,,,,,
23/11/2008,14:12:16,,,17.99,degrees C,,,,,
23/11/2008,14:12:17,,,17.99,degrees C,,,,,
23/11/2008,14:12:18,,,17.99,degrees C,,,,,
23/11/2008,14:12:19,,,18.5,degrees C,,,,,
23/11/2008,14:12:20,,,17.99,degrees C,,,,,
23/11/2008,14:12:21,,,17.99,degrees C,,,,,
23/11/2008,14:12:22,,,17.99,degrees C,,,,,
23/11/2008,14:12:23,,,17.99,degrees C,,,,,
23/11/2008,14:12:24,,,17.99,degrees C,,,,,
23/11/2008,14:12:25,,,17.99,degrees C,,,,,
23/11/2008,14:12:26,,,17.99,degrees C,,,,,
23/11/2008,14:12:27,,,17.99,degrees C,,,,,
23/11/2008,14:12:28,,,17.99,degrees C,,,,,
23/11/2008,14:12:29,,,17.99,degrees C,,,,,
23/11/2008,14:12:30,,,17.99,degrees C,,,,,
23/11/2008,14:12:31,,,17.99,degrees C,,,,,
23/11/2008,14:12:32,,,17.99,degrees C,,,,,
23/11/2008,14:12:33,,,17.99,degrees C,,,,,
23/11/2008,14:12:34,,,17.99,degrees C,,,,,
23/11/2008,14:12:35,,,17.99,degrees C,,,,,
23/11/2008,14:12:36,,,17.99,degrees C,,,,,
23/11/2008,14:12:37,,,17.99,degrees C,,,,,
23/11/2008,14:12:38,,,17.93,degrees C,,,,,
23/11/2008,14:12:39,,,17.93,degrees C,,,,,
23/11/2008,14:12:40,,,17.93,degrees C,,,,,
23/11/2008,14:12:41,,,17.93,degrees C,,,,,
23/11/2008,14:12:42,,,17.93,degrees C,,,,,
23/11/2008,14:12:43,,,17.99,degrees C,,,,,
23/11/2008,14:12:44,,,17.99,degrees C,,,,,
23/11/2008,14:12:45,,,17.99,degrees C,,,,,
23/11/2008,14:12:46,,,17.99,degrees C,,,,,
23/11/2008,14:12:47,,,17.93,degrees C,,,,,
23/11/2008,14:12:48,,,17.93,degrees C,,,,,
23/11/2008,14:12:49,,,17.93,degrees C,,,,,
23/11/2008,14:12:50,,,17.93,degrees C,,,,,
23/11/2008,14:12:51,,,17.93,degrees C,,,,,
23/11/2008,14:14:6,,,,,,,18.5,degrees C,
23/11/2008,14:14:7,,,,,,,18.5,degrees C,
23/11/2008,14:14:8,,,,,,,17.99,degrees C,
23/11/2008,14:14:9,,,,,,,18.5,degrees C,
23/11/2008,14:14:10,,,,,,,18.5,degrees C,
23/11/2008,14:14:11,,,,,,,18.5,degrees C,
23/11/2008,14:14:12,,,,,,,17.99,degrees C,
23/11/2008,14:14:13,,,,,,,18.5,degrees C,
23/11/2008,14:14:14,,,,,,,17.99,degrees C,
23/11/2008,14:14:15,,,,,,,18.5,degrees C,
23/11/2008,14:14:16,,,,,,,18.5,degrees C,
23/11/2008,14:14:17,,,,,,,18.5,degrees C,
23/11/2008,14:14:18,,,,,,,18.5,degrees C,
23/11/2008,14:14:20,,,,,,,18.5,degrees C,
23/11/2008,14:14:21,,,,,,,18.5,degrees C,
23/11/2008,14:14:22,,,,,,,18.5,degrees C,
23/11/2008,14:14:23,,,,,,,18.5,degrees C,
23/11/2008,14:14:24,,,,,,,18.5,degrees C,
23/11/2008,14:14:25,,,,,,,18.5,degrees C,
23/11/2008,14:14:26,,,,,,,17.99,degrees C,
23/11/2008,14:14:27,,,,,,,18.5,degrees C,
23/11/2008,14:14:28,,,,,,,18.5,degrees C,
23/11/2008,14:14:29,,,,,,,18.5,degrees C,
23/11/2008,14:14:30,,,,,,,18.5,degrees C,
23/11/2008,14:14:31,,,,,,,18.5,degrees C,
23/11/2008,14:14:32,,,,,,,18.5,degrees C,
23/11/2008,14:14:33,,,,,,,18.5,degrees C,
23/11/2008,14:14:34,,,,,,,18.5,degrees C,
23/11/2008,14:14:35,,,,,,,18.5,degrees C,
23/11/2008,14:14:37,,,,,,,18.5,degrees C,
23/11/2008,14:14:38,,,,,,,18.5,degrees C,
23/11/2008,14:14:39,,,,,,,18.5,degrees C,
23/11/2008,14:14:40,,,,,,,18.5,degrees C,
23/11/2008,14:14:41,,,,,,,18.5,degrees C,
23/11/2008,14:14:42,,,,,,,18.5,degrees C,
23/11/2008,14:14:43,,,,,,,18.5,degrees C,
23/11/2008,14:14:44,,,,,,,18.5,degrees C,
23/11/2008,14:14:45,,,,,,,18.5,degrees C,
23/11/2008,14:14:46,,,,,,,18.5,degrees C,
